{"accuracy": [0.6754687428474426, 0.7091666460037231, 0.72481769323349, 0.7316145896911621, 0.7355208396911621, 0.7369791865348816, 0.7486979365348816, 0.7478906512260437], "auc": [0.7296186685562134, 0.7700148224830627, 0.786871612071991, 0.7975959777832031, 0.8018163442611694, 0.8057724237442017, 0.819353461265564, 0.819126546382904], "loss": [0.6536886096000671, 0.5865699648857117, 0.5593675971031189, 0.5449567437171936, 0.5394076108932495, 0.5350523591041565, 0.5194655060768127, 0.520273745059967], "precision": [0.6825422644615173, 0.7290929555892944, 0.7479749321937561, 0.7599976658821106, 0.7655938267707825, 0.7665807604789734, 0.7748043537139893, 0.7739911079406738], "recall": [0.6560937762260437, 0.6656770706176758, 0.6781250238418579, 0.6770312786102295, 0.678906261920929, 0.6814583539962769, 0.7011979222297668, 0.7002604007720947], "val_accuracy": [0.6526041626930237, 0.6328125, 0.7145833373069763, 0.6447916626930237, 0.7162500023841858, 0.6892708539962769, 0.7198958396911621, 0.6214583516120911], "val_auc": [0.7478350400924683, 0.7393110394477844, 0.7867599725723267, 0.7631431818008423, 0.7825509309768677, 0.7777900695800781, 0.7945915460586548, 0.7870935201644897], "val_loss": [0.6886657476425171, 0.6518892049789429, 0.5558630228042603, 0.747241735458374, 0.5702306032180786, 0.6175042390823364, 0.5564513802528381, 0.7347607016563416], "val_precision": [0.8301036357879639, 0.8451542854309082, 0.7378752827644348, 0.8616024851799011, 0.7565496563911438, 0.8175463080406189, 0.7155401110649109, 0.9236918687820435], "val_recall": [0.38374999165534973, 0.3252083361148834, 0.6656249761581421, 0.3449999988079071, 0.637708306312561, 0.4872916638851166, 0.7300000190734863, 0.26479166746139526], "learning_rate": [0.0003000000142492354, 0.0003000000142492354, 0.0003000000142492354, 0.0003000000142492354, 0.0003000000142492354, 0.0003000000142492354, 0.0001500000071246177, 0.0001500000071246177]}