{
    "accuracy": [
        0.6757291555404663,
        0.7083072662353516,
        0.7182812690734863,
        0.7257031202316284,
        0.7356770634651184,
        0.7384114861488342,
        0.7387239336967468,
        0.741197943687439,
        0.7459635138511658,
        0.7496093511581421,
        0.7516406178474426,
        0.7528125047683716,
        0.7561718821525574,
        0.7575781345367432,
        0.7569791674613953,
        0.757239580154419,
        0.760729193687439,
        0.7590885162353516,
        0.7636979222297668,
        0.7625520825386047,
        0.7672656178474426,
        0.7648698091506958,
        0.7664583325386047,
        0.7643749713897705,
        0.7663021087646484,
        0.7645312547683716,
        0.7676823139190674,
        0.7702083587646484,
        0.7698437571525574,
        0.7667447924613953
    ],
    "auc": [
        0.7294314503669739,
        0.7630011439323425,
        0.7812970876693726,
        0.7910810708999634,
        0.801713228225708,
        0.8070154190063477,
        0.8081785440444946,
        0.8084454536437988,
        0.8171730637550354,
        0.8213284015655518,
        0.8229086399078369,
        0.8244154453277588,
        0.8291712999343872,
        0.8306024074554443,
        0.8316872715950012,
        0.8335287570953369,
        0.8350170850753784,
        0.8347870111465454,
        0.83675217628479,
        0.8378459811210632,
        0.8417418003082275,
        0.8408724069595337,
        0.8409260511398315,
        0.8428809642791748,
        0.8440966010093689,
        0.8423018455505371,
        0.8430647850036621,
        0.8464596271514893,
        0.8455566763877869,
        0.8455331325531006
    ],
    "loss": [
        0.6479977965354919,
        0.591048002243042,
        0.5644426941871643,
        0.5523294806480408,
        0.5399781465530396,
        0.5338629484176636,
        0.5321797132492065,
        0.531622588634491,
        0.5216522216796875,
        0.5168963074684143,
        0.5151365399360657,
        0.5126275420188904,
        0.507483959197998,
        0.5060034394264221,
        0.5036634206771851,
        0.5017387270927429,
        0.5005822777748108,
        0.5000820755958557,
        0.4983828365802765,
        0.49660608172416687,
        0.49139246344566345,
        0.49191275238990784,
        0.49226877093315125,
        0.4894353151321411,
        0.48756617307662964,
        0.49012699723243713,
        0.48859333992004395,
        0.48523616790771484,
        0.48596322536468506,
        0.4861605763435364
    ],
    "precision": [
        0.6852014660835266,
        0.7305319905281067,
        0.7434929013252258,
        0.7498990893363953,
        0.7613492012023926,
        0.7640002369880676,
        0.76270991563797,
        0.7644774317741394,
        0.7709875702857971,
        0.771699070930481,
        0.7744079232215881,
        0.7727272510528564,
        0.7789372205734253,
        0.7778214812278748,
        0.7781912684440613,
        0.7785045504570007,
        0.7800089716911316,
        0.7803009152412415,
        0.7843104004859924,
        0.7810548543930054,
        0.7864359617233276,
        0.7846627235412598,
        0.7872220873832703,
        0.7832273244857788,
        0.7829551696777344,
        0.7858509421348572,
        0.7877176403999329,
        0.7888641357421875,
        0.7864963412284851,
        0.7838811874389648
    ],
    "recall": [
        0.6501562595367432,
        0.6601041555404663,
        0.6665104031562805,
        0.6772916913032532,
        0.6865624785423279,
        0.6899479031562805,
        0.6930729150772095,
        0.6971874833106995,
        0.699791669845581,
        0.7089583277702332,
        0.710156261920929,
        0.7163020968437195,
        0.7153645753860474,
        0.7211458086967468,
        0.7188541889190674,
        0.7190625071525574,
        0.7263020873069763,
        0.7212499976158142,
        0.7274479269981384,
        0.7296354174613953,
        0.733802080154419,
        0.7301041483879089,
        0.7303125262260437,
        0.7310937643051147,
        0.7368749976158142,
        0.7272396087646484,
        0.7328645586967468,
        0.7379166483879089,
        0.7407812476158142,
        0.7365624904632568
    ],
    "val_accuracy": [
        0.6602083444595337,
        0.6242708563804626,
        0.5896875262260437,
        0.5024999976158142,
        0.7077083587646484,
        0.6719791889190674,
        0.7071874737739563,
        0.7093750238418579,
        0.7228124737739563,
        0.7084375023841858,
        0.7210416793823242,
        0.6945833563804626,
        0.714062511920929,
        0.7242708206176758,
        0.7157291769981384,
        0.7121875286102295,
        0.729895830154419,
        0.7279166579246521,
        0.723437488079071,
        0.7246875166893005,
        0.731249988079071,
        0.7235416769981384,
        0.7350000143051147,
        0.7381250262260437,
        0.7231249809265137,
        0.7356250286102295,
        0.7245833277702332,
        0.7426041960716248,
        0.73458331823349,
        0.734375
    ],
    "val_auc": [
        0.7593955993652344,
        0.7507427930831909,
        0.7676625847816467,
        0.7526332139968872,
        0.7859846949577332,
        0.7818225622177124,
        0.7900048494338989,
        0.7871887683868408,
        0.7937977313995361,
        0.7901298999786377,
        0.7923964262008667,
        0.7918241620063782,
        0.7929614782333374,
        0.7987839579582214,
        0.8005052804946899,
        0.7927572727203369,
        0.8041819334030151,
        0.806584358215332,
        0.8068925142288208,
        0.8145226240158081,
        0.8081446886062622,
        0.8108515739440918,
        0.8125573396682739,
        0.8125131130218506,
        0.809519350528717,
        0.8140348196029663,
        0.8105474710464478,
        0.8177486658096313,
        0.8129909038543701,
        0.8135771751403809
    ],
    "val_loss": [
        0.6427679657936096,
        0.6748971343040466,
        0.8553768992424011,
        1.0013729333877563,
        0.564099907875061,
        0.6147100329399109,
        0.5675655603408813,
        0.5743551254272461,
        0.5495749115943909,
        0.5785968899726868,
        0.5516656041145325,
        0.5959123969078064,
        0.5583382844924927,
        0.5443016290664673,
        0.5608123540878296,
        0.5623188614845276,
        0.5381835103034973,
        0.5502204895019531,
        0.5495267510414124,
        0.5560466647148132,
        0.5422202944755554,
        0.5461220741271973,
        0.5368862152099609,
        0.5290976762771606,
        0.558156430721283,
        0.5382750630378723,
        0.5430479645729065,
        0.5235753059387207,
        0.5353426933288574,
        0.5372079014778137
    ],
    "val_precision": [
        0.8297598361968994,
        0.8711885213851929,
        0.5533127188682556,
        0.9285714030265808,
        0.7951450347900391,
        0.628522515296936,
        0.6856449246406555,
        0.691720724105835,
        0.740715742111206,
        0.8153167366981506,
        0.7330843806266785,
        0.8274894952774048,
        0.7900084853172302,
        0.7666584253311157,
        0.6899651288986206,
        0.776390790939331,
        0.739734947681427,
        0.71127849817276,
        0.8054684996604919,
        0.6939399242401123,
        0.7872670888900757,
        0.8022535443305969,
        0.7197117209434509,
        0.7717546224594116,
        0.8263254165649414,
        0.7207260131835938,
        0.8016228079795837,
        0.7716351747512817,
        0.7214791774749756,
        0.7957413196563721
    ],