{
    "fake": {
        "precision": 0.7268698060941828,
        "recall": 0.8746666666666667,
        "f1-score": 0.7939485627836611,
        "support": 6000.0
    },
    "real": {
        "precision": 0.8426778242677824,
        "recall": 0.6713333333333333,
        "f1-score": 0.7473098330241187,
        "support": 6000.0
    },
    "accuracy": 0.773,
    "macro avg": {
        "precision": 0.7847738151809827,
        "recall": 0.773,
        "f1-score": 0.77062919790389,
        "support": 12000.0
    },
    "weighted avg": {
        "precision": 0.7847738151809827,
        "recall": 0.773,
        "f1-score": 0.77062919790389,
        "support": 12000.0
    }
}