{"accuracy": [0.6003645658493042, 0.6362500190734863, 0.657239556312561, 0.6692708134651184, 0.6740885376930237, 0.6796875, 0.684166669845581, 0.6869531273841858, 0.6898698210716248, 0.6916927099227905],
"auc": [0.63901686668396, 0.6873361468315125, 0.7129577398300171, 0.7268368005752563, 0.7346678376197815, 0.7417885065078735, 0.7484912872314453, 0.7522621154785156, 0.7561929821968079, 0.7594000101089478], 
"loss": [0.7100571393966675, 0.6578757166862488, 0.6310867071151733, 0.617771327495575, 0.6097356677055359, 0.6025699973106384, 0.596179723739624, 0.592665433883667, 0.5897141098976135, 0.5861892700195312], 
"precision": [0.5983664989471436, 0.6321479082107544, 0.6541249752044678, 0.6666666865348816, 0.6705618500709534, 0.6775787472724915, 0.6835167407989502, 0.6844837069511414, 0.6890525221824646, 0.6907291412353516], 
"recall": [0.6105208396911621, 0.651770830154419, 0.6673437356948853, 0.6770833134651184, 0.6844270825386047, 0.6856250166893005, 0.6859375238418579, 0.6936458349227905, 0.6920312643051147, 0.6942187547683716], 
"val_accuracy": [0.6597916483879089, 0.6527083516120911, 0.6519791483879089, 0.6719791889190674, 0.6701041460037231, 0.6773958206176758, 0.676770806312561, 0.6714583039283752, 0.6615625023841858, 0.675000011920929], 
"val_auc": [0.7190030813217163, 0.7242940664291382, 0.7293657064437866, 0.7286844849586487, 0.7328806519508362, 0.7383305430412292, 0.7385218739509583, 0.7407341003417969, 0.7388501167297363, 0.740088701248169], 
"val_loss": [0.6245383024215698, 0.6221809983253479, 0.6256407499313354, 0.6203874945640564, 0.6103911399841309, 0.6165071725845337, 0.6061240434646606, 0.6386609673500061, 0.6130812168121338, 0.6074886322021484], 
"val_precision": [0.6514613032341003, 0.6289131045341492, 0.6224609613418579, 0.7043823003768921, 0.6705661416053772, 0.7194021940231323, 0.6836977601051331, 0.7717965841293335, 0.6371352672576904, 0.6933701634407043], 
"val_recall": [0.68729168176651, 0.7450000047683716, 0.7724999785423279, 0.5927083492279053, 0.668749988079071, 0.5816666483879089, 0.6579166650772095, 0.4868749976158142, 0.7506250143051147, 0.6274999976158142], 
"learning_rate": [9.999999747378752e-05, 9.999999747378752e-05, 9.999999747378752e-05, 9.999999747378752e-05, 9.999999747378752e-05, 9.999999747378752e-05, 9.999999747378752e-05, 9.999999747378752e-05, 9.999999747378752e-05, 4.999999873689376e-05]}