{
    "loss": 0.4739494323730469,
    "accuracy": 0.7730000019073486,
    "auc": 0.8628437519073486,
    "precision": 0.8426778316497803,
    "recall": 0.6713333129882812,
    "f1_score": 0.7473098232722755
}